time,labels
0.049342107,t1
0.008230452,t1
0.053497944,t1
0.03975535,t1
0.15899582,t1
0.082822084,t1
0.07109005,t1
0.026819924,t1
0.058064517,t1
0.06549521,t1
0.045031056,t1
0.0016638935,t1
0.04107425,t1
0.021447722,t1
0.024299065,t1
0.049848944,t1
0.048331417,t1
0.0038314175,t1
0.036144577,t1
0.08238637,t1
0.057494868,t1
0.0036363637,t1
0.016638935,t1
0.035326086,t1
0.053398058,t1
0.0752551,t1
0.021864211,t1
0.040446304,t1
0.19753087,t1
0.047393367,t1
0.0,t1
0.042813454,t1
0.05324459,t1
0.044382803,t1
0.05894309,t1
0.07785467,t1
0.025889968,t1
0.0038314175,t1
0.045307443,t1
0.0015082957,t1
0.105714284,t1
0.005226481,t1
0.0,t1
0.04,t1
0.08664773,t1
0.056194127,t1
0.03328895,t1
0.14353313,t1
0.021505376,t1
0.08460472,t1
0.059548255,t1
0.010596027,t1
0.049919486,t1
0.004819277,t1
0.04467354,t1
0.0027434842,t1
0.026798308,t1
0.05,t1
0.08,t1
0.04654443,t1
0.053977273,t1
0.02538787,t1
0.09262166,t1
0.09847434,t1
0.034591194,t1
0.075203255,t1
0.056194127,t1
0.03125,t1
0.003220612,t1
0.06116208,t1
0.08294931,t1
0.03963964,t1
0.057607092,t1
0.050697085,t1
0.043723553,t1
0.008130081,t1
0.05065666,t1
0.025276462,t1
0.041811846,t1
0.023319615,t1
0.006684492,t1
0.060559005,t1
0.06481481,t1
0.055031445,t1
0.04761905,t1
0.03908046,t1
0.041284405,t1
0.038265307,t1
0.04326123,t1
0.029986963,t1
0.06497175,t1
0.0,t1
0.018766755,t1
0.0,t1
0.01884422,t1
0.050552923,t1
0.038022812,t1
0.07692308,t1
0.062650606,t1
0.06962963,t1
0.0,t1
0.025073746,t1
0.025559105,t1
0.0805921,t1
0.03323263,t1
0.19478738,t1
0.022566997,t1
0.056748465,t1
0.0625,t1
0.028097063,t1
0.025,t1
0.03894081,t1
0.07055215,t1
0.05037037,t1
0.03975535,t1
0.017857144,t1
0.03551402,t1
0.049363058,t1
0.0013586957,t1
0.06746988,t1
0.016216217,t1
0.06,t1
0.035714287,t1
0.057632398,t1
0.003911343,t1
0.07390649,t1
0.07013575,t1
0.12343967,t1
0.08163265,t1
0.04076087,t1
0.054945055,t1
0.08895706,t1
0.029535865,t1
0.03125,t1
0.0057537397,t1
0.027777778,t1
0.004379562,t1
0.062650606,t1
0.005839416,t1
0.016885553,t1
0.2489083,t1
0.0060698027,t1
0.035330262,t1
0.016296295,t1
0.0,t1
0.048469387,t1
0.034852546,t1
0.026086956,t1
0.028915662,t1
0.03373494,t1
0.040575918,t1
0.008939974,t1
0.04326123,t1
0.038709678,t1
0.057663128,t1
0.05027174,t1
0.07666667,t1
0.004878049,t1
0.05214724,t1
0.007440476,t1
0.024691358,t1
0.040650405,t1
0.023006136,t1
0.044836957,t1
0.024265645,t1
0.019417476,t1
0.064136125,t1
0.10818308,t1
0.025679758,t1
0.03610675,t1
0.03780069,t1
0.049253732,t1
0.030487806,t1
0.069565214,t1
0.06346968,t1
0.027314112,t1
0.014492754,t1
0.049482163,t1
0.008462624,t1
0.021472393,t1
0.007936508,t1
0.017595308,t1
0.012552301,t1
0.08435583,t1
0.03364486,t1
0.0273752,t1
0.05882353,t1
0.03058104,t1
0.05483871,t1
0.027522936,t1
0.056296296,t1
0.06760204,t1
0.06605223,t1
0.0,t1
0.011904762,t1
0.09431345,t1
0.03155007,t1
0.07064364,t1
0.053619303,t1
0.041284405,t1
0.12300319,tPN
0.101620026,tPN
0.10517799,tPN
0.1116208,tPN
0.1690341,tPN
0.093655586,tPN
0.07723577,tPN
0.14146341,tPN
0.15857606,tPN
0.077419356,tPN
0.14285715,tPN
0.08204518,tPN
0.1389728,tPN
0.18635607,tPN
0.10452962,tPN
0.12232416,tPN
0.144427,tPN
0.1274074,tPN
0.22125182,tPN
0.10548523,tPN
0.12693936,tPN
0.10804598,tPN
0.1659808,tPN
0.13282248,tPN
0.12975779,tPN
0.12538226,tPN
0.09818182,tPN
0.05350773,tPN
0.1954023,tPN
0.072378136,tPN
0.16468254,tPN
0.12054329,tPN
0.10973937,tPN
0.113425925,tPN
0.16808149,tPN
0.072837636,tPN
0.13518518,tPN
0.11523179,tPN
0.11921708,tPN
0.107466064,tPN
0.15428571,tPN
0.08456973,tPN
0.1485623,tPN
0.12482853,tPN
0.07636364,tPN
0.10252996,tPN
0.09153713,tPN
0.1028169,tPN
0.17682926,tPN
0.1259484,tPN
0.099866845,tPN
0.12530121,tPN
0.1259484,tPN
0.08846761,tPN
0.13210227,tPN
0.11904762,tPN
0.14359862,tPN
0.14951769,tPN
0.17479675,tPN
0.13190185,tPN
0.116564415,tPN
0.10044313,tPN
0.15130435,tPN
0.06620209,tPN
0.14064698,tPN
0.12195122,tPN
0.071532845,tPN
0.099303134,tPN
0.09878049,tPN
0.099270076,tPN
0.12379421,tPN
0.23714286,tPN
0.16984127,tPN
0.11743772,tPN
0.090368606,tPN
0.11891892,tPN
0.08610272,tPN
0.19308943,tPN
0.13971743,tPN
0.1389728,tPN
0.17073171,tPN
0.13489737,tPN
0.12232416,tPN
0.13731343,tPN
0.11340206,tPN
0.10569106,tPN
0.12433155,tPN
0.13537675,tPN
0.13333334,tPN
0.09202454,tPN
0.15062761,tPN
0.15,tPN
0.11348684,tPN
0.15384616,tPN
0.16581632,tPN
0.10190217,tPN
0.19901316,tPN
0.074235804,tPN
0.17832647,tPN
0.13782991,tPN
0.22707424,tPN
0.19272727,tPN
0.1851211,tPN
0.17913043,tPN
0.074074075,tPN
0.11459968,tPN
0.08117444,tPN
0.12715855,tPN
0.095108695,tPN
0.12596007,tPN
0.16510318,tPN
0.057401814,tPN
0.12135922,tPN
0.11394102,tPN
0.15486726,tPN
0.15775034,tPN
0.10666667,tPN
0.12954186,tPN
0.11647254,tPN
0.13504823,tPN
0.11616954,tPN
0.1304878,tPN
0.117117114,tPN
0.15632184,tPN
0.19907407,tPN
0.13142857,tPN
0.14878893,tPN
0.18574108,tPN
0.17913043,tPN
0.17142858,tPN
0.1045045,tPN
0.15352112,tPN
0.13021703,tPN
0.15818182,tPN
0.14814815,tPN
0.10903427,tPN
0.04982818,tPN
0.17663044,tPN
0.093891405,tPN
0.027737226,tPN
0.06789413,tPN
0.17964824,tPN
0.06887755,tPN
0.12688442,tPN
0.087131366,tPN
0.1173763,tPN
0.09517045,tPN
0.15650406,tPN
0.108895704,tPN
0.14413266,tPN
0.08971962,tPN
0.14723927,tPN
0.0,tPN
0.1583851,tPN
0.047400612,tPN
0.16770187,tPN
0.12421384,tPN
0.07914573,tPN
0.14,tPN
0.1442441,tPN
0.13496932,tPN
0.079104476,tPN
0.15384616,tPN
0.093231164,tPN
0.16753022,tPN
0.072164945,tPN
0.092493296,tPN
0.18253969,tPN
0.121993124,tPN
0.08018868,tPN
0.14507042,tPN
0.17283951,tPN
0.0797546,tPN
0.08566978,tPN
0.13862929,tPN
0.10166919,tPN
0.09390244,tPN
0.1509091,tPN
0.14666666,tPN
0.14492753,tPN
0.14678898,tPN
0.06214039,tPN
0.09325397,tPN
0.14439324,tPN
0.048751485,tPN
0.08148148,tPN
0.17470881,tPN
0.13029827,tPN
0.12827225,tPN
0.116347566,tPN
0.16268657,tPN
0.08809524,tPN
0.1302682,tPN
0.15893108,tPN
0.0879397,tPN
0.15851852,tPN
0.12054329,tPN
0.113520406,tPN
0.14719272,tPN
0.10461956,tPN
0.15443425,tPNf
0.18327974,tPNf
0.209009,tPNf
0.1536189,tPNf
0.14060031,tPNf
0.20537125,tPNf
0.13737075,tPNf
0.17714286,tPNf
0.16207951,tPNf
0.23026316,tPNf
0.17590362,tPNf
0.17133956,tPNf
0.17484662,tPNf
0.18317758,tPNf
0.14104372,tPNf
0.1559633,tPNf
0.15120275,tPNf
0.17975831,tPNf
0.18879056,tPNf
0.14067279,tPNf
0.13399154,tPNf
0.20094192,tPNf
0.1826087,tPNf
0.1491876,tPNf
0.24013157,tPNf
0.1649635,tPNf
0.21200511,tPNf
0.20648968,tPNf
0.14879356,tPNf
0.14525993,tPNf
0.14771049,tPNf
0.18770227,tPNf
0.15641712,tPNf
0.16192171,tPNf
0.22434783,tPNf
0.16207951,tPNf
0.16642335,tPNf
0.18072289,tPNf
0.15127389,tPNf
0.15202232,tPNf
0.15765247,tPNf
0.19466248,tPNf
0.185567,tPNf
0.20545454,tPNf
0.15328467,tPNf
0.14914773,tPNf
0.19666667,tPNf
0.15292096,tPNf
0.18213059,tPNf
0.1556157,tPNf
0.1955836,tPNf
0.16666667,tPNf
0.16666667,tPNf
0.115338884,tPNf
0.19833334,tPNf
0.20121951,tPNf
0.1596424,tPNf
0.20121951,tPNf
0.14950635,tPNf
0.18850575,tPNf
0.16113745,tPNf
0.19099098,tPNf
0.24202627,tPNf
0.17331289,tPNf
0.16058394,tPNf
0.21710527,tPNf
0.14985164,tPNf
0.16385542,tPNf
0.21327014,tPNf
0.18285714,tPNf
0.16508795,tPNf
0.18927445,tPNf
0.14772727,tPNf
0.17610063,tPNf
0.14343163,tPNf
0.15773809,tPNf
0.20363636,tPNf
0.19402985,tPNf
0.1984127,tPNf
0.16513762,tPNf
0.16513762,tPNf
0.12722948,tPNf
0.20934959,tPNf
0.15481171,tPNf
0.20075047,tPNf
0.16727273,tPNf
0.17202573,tPNf
0.18,tPNf
0.17185186,tPNf
0.19645733,tPNf
0.15611193,tPNf
0.1773163,tPNf
0.2046589,tPNf
0.20807454,tPNf
0.14104372,tPNf
0.23190789,tPNf
0.16207951,tPNf
0.15658364,tPNf
0.20450282,tPNf
0.13994566,tPNf
0.20238096,tPNf
0.15314136,tPNf
0.12954186,tPNf
0.14038128,tPNf
0.19253731,tPNf
0.13494319,tPNf
0.21875,tPNf
0.18838304,tPNf
0.1649635,tPNf
0.19304349,tPNf
0.16767372,tPNf
0.25142857,tPNf
0.17511521,tPNf
0.15483871,tPNf
0.23355263,tPNf
0.15483871,tPNf
0.22956522,tPNf
0.18608695,tPNf
0.17050068,tPNf
0.20833333,tPNf
0.17897727,tPNf
0.17511521,tPNf
0.23580787,tPNf
0.14950635,tPNf
0.14666666,tPNf
0.21800947,tPNf
0.17590362,tPNf
0.16207951,tPNf
0.14945652,tPNf
0.23304348,tPNf
0.18838304,tPNf
0.19428572,tPNf
0.17729592,tPNf
0.1491876,tPNf
0.15766424,tPNf
0.16102841,tPNf
0.20648968,tPNf
0.2236842,tPNf
0.22956522,tPNf
0.17522658,tPNf
0.15227629,tPNf
0.15292096,tPNf
0.2090909,tPNf
0.20588236,tPNf
0.14919356,tPNf
0.2,tPNf
0.13589364,tPNf
0.16509435,tPNf
0.17873304,tPNf
0.17638037,tPNf
0.16745283,tPNf
0.13963328,tPNf
0.22608696,tPNf
0.18620689,tPNf
0.17873304,tPNf
0.2090909,tPNf
0.15127389,tPNf
0.19800332,tPNf
0.15161291,tPNf
0.20162602,tPNf
0.16745283,tPNf
0.16225547,tPNf
0.17584097,tPNf
0.1810219,tPNf
0.21217105,tPNf
0.18112245,tPNf
0.2072072,tPNf
0.19176136,tPNf
0.2090909,tPNf
0.13141684,tPNf
0.16194968,tPNf
0.19770116,tPNf
0.17142858,tPNf
0.17524116,tPNf
0.17037037,tPNf
0.18592964,tPNf
0.18902439,tPNf
0.1525926,tPNf
0.17481482,tPNf
0.2259887,tPNf
0.24390244,tPNf
0.1686217,tPNf
0.1529052,tPNf
0.16176471,tPNf
0.2,tPNf
0.19185059,tPNf
0.14285715,tPNf
0.14919356,tPNf
0.18317758,tPNf
0.22881356,tPNf
0.21186441,tPNf
0.17619048,tPNf
0.17984694,tPNf
0.12366231,tPNf
0.18122977,tPNf
0.202995,tPNf
0.19937205,tPNf
0.20133111,tPNf
0.1702454,tPNf
0.13106796,tPNf
0.27287853,t2
0.205,t2
0.19436997,t2
0.203125,t2
0.19152276,t2
0.2315341,t2
0.23294508,t2
0.28478965,t2
0.2937853,t2
0.3127962,t2
0.27027026,t2
0.22074074,t2
0.24380705,t2
0.19917865,t2
0.22382198,t2
0.21484992,t2
0.22386059,t2
0.22012578,t2
0.15837105,t2
0.26288658,t2
0.22702703,t2
0.25981307,t2
0.315197,t2
0.20811519,t2
0.24285714,t2
0.17515923,t2
0.18809524,t2
0.20093457,t2
0.22613065,t2
0.25,t2
0.19107392,t2
0.24448217,t2
0.24909091,t2
0.24537037,t2
0.22171254,t2
0.17737003,t2
0.16644473,t2
0.19337979,t2
0.21800947,t2
0.24259259,t2
0.18914956,t2
0.25,t2
0.20643431,t2
0.24796748,t2
0.19418961,t2
0.22222222,t2
0.21045919,t2
0.36571428,t2
0.23703703,t2
0.2324511,t2
0.23943663,t2
0.23076923,t2
0.1411043,t2
0.19337979,t2
0.22357723,t2
0.20623146,t2
0.1590214,t2
0.2140575,t2
0.27439025,t2
0.2682927,t2
0.2565284,t2
0.1977492,t2
0.24728261,t2
0.17489421,t2
0.27877948,t2
0.1661721,t2
0.17125382,t2
0.21022727,t2
0.1521739,t2
0.23529412,t2
0.2580645,t2
0.19215156,t2
0.18404908,t2
0.2551724,t2
0.2064057,t2
0.23795621,t2
0.1677763,t2
0.24096386,t2
0.25341427,t2
0.2511774,t2
0.23538704,t2
0.2846847,t2
0.25845736,t2
0.17659138,t2
0.21297602,t2
0.2800926,t2
0.22239263,t2
0.17356688,t2
0.2266881,t2
0.2091195,t2
0.1826793,t2
0.23880596,t2
0.25908372,t2
0.29542303,t2
0.21260998,t2
0.34497815,t2
0.24,t2
0.17799352,t2
0.16547619,t2
0.3020638,t2
0.22107081,t2
0.26975945,t2
0.18066743,t2
0.23252033,t2
0.23190045,t2
0.24597701,t2
0.2504065,t2
0.31085527,t2
0.20176731,t2
0.16591252,t2
0.23003195,t2
0.17113665,t2
0.23592493,t2
0.20189275,t2
0.2452174,t2
0.27714285,t2
0.24846625,t2
0.2742857,t2
0.27617604,t2
0.24819277,t2
0.22619048,t2
0.23529412,t2
0.1904762,t2
0.20505992,t2
0.17791411,t2
0.24731183,t2
0.29192546,t2
0.30140486,t2
0.20310296,t2
0.20516305,t2
0.19746122,t2
0.20477387,t2
0.25597748,t2
0.27841634,t2
0.2881356,t2
0.18527043,t2
0.2662037,t2
0.20489296,t2
0.19648562,t2
0.20754717,t2
0.21921515,t2
0.17043121,t2
0.2371134,t2
0.2631579,t2
0.22518519,t2
0.1904762,t2
0.2389937,t2
0.26975945,t2
0.23863636,t2
0.21482413,t2
0.22296172,t2
0.20169252,t2
0.18666667,t2
0.2082019,t2
0.18042813,t2
0.22605966,t2
0.27317074,t2
0.25565216,t2
0.25679758,t2
0.22909091,t2
0.28780487,t2
0.20737328,t2
0.29272726,t2
0.17066291,t2
0.19818182,t2
0.20380434,t2
0.19818182,t2
0.22429906,t2
0.26045015,t2
0.19667944,t2
0.2674897,t2
0.17512077,t2
0.16019417,t2
0.22168285,t2
0.21774194,t2
0.29757345,t2
0.19072165,t2
0.22061191,t2
0.20234604,t2
0.19579288,t2
0.28455284,t2
0.22164276,t2
0.25777778,t2
0.14387634,t2
0.23592493,t2
0.21193093,t2
0.29643527,t2
0.24320242,t2
0.18552037,t2
0.22370617,t2
0.26955074,t2
0.15048544,t2
0.21673526,t2
0.2237037,t2
0.18545994,t2
0.22605364,t2
0.17799352,t2
0.26572326,t2
0.26357827,t2
0.2084507,t2
0.31666666,t3
0.25477707,t3
0.26518518,t3
0.22990127,t3
0.23485968,t3
0.36857143,t3
0.23088685,t3
0.23908046,t3
0.32457787,t3
0.18906064,t3
0.35084426,t3
0.35084426,t3
0.25477707,t3
0.3305921,t3
0.26434782,t3
0.2730159,t3
0.28959277,t3
0.20795107,t3
0.3270142,t3
0.27130434,t3
0.20183486,t3
0.26782608,t3
0.2672956,t3
0.26973686,t3
0.30324075,t3
0.19418961,t3
0.34123224,t3
0.23538704,t3
0.2669221,t3
0.27652174,t3
0.24170616,t3
0.27203065,t3
0.25316456,t3
0.18501529,t3
0.26436782,t3
0.2452381,t3
0.18654434,t3
0.24554184,t3
0.2850575,t3
0.19266056,t3
0.28453946,t3
0.30235782,t3
0.3125,t3
0.33965245,t3
0.22520107,t3
0.27203065,t3
0.20948012,t3
0.356623,t3
0.32037038,t3
0.22284909,t3
0.21609196,t3
0.27572018,t3
0.26283988,t3
0.2743484,t3
0.2573913,t3
0.23908046,t3
0.22990127,t3
0.23633678,t3
0.28733033,t3
0.356623,t3
0.2510288,t3
0.28545454,t3
0.26947638,t3
0.22477064,t3
0.20642202,t3
0.23394495,t3
0.21149425,t3
0.14834437,t3
0.31447586,t3
0.25662482,t3
0.34896812,t3
0.32385466,t3
0.24828532,t3
0.18042813,t3
0.23696682,t3
0.2816742,t3
0.22528736,t3
0.24486572,t3
0.24404761,t3
0.28532237,t3
0.24889544,t3
0.2850575,t3
0.26947638,t3
0.29276314,t3
0.2850575,t3
0.29850745,t3
0.2229885,t3
0.22143865,t3
0.22359397,t3
0.20795107,t3
0.26814815,t3
0.27046263,t3
0.22018349,t3
0.33175355,t3
0.24889544,t3
0.26151314,t3
0.19724771,t3
0.2598684,t3
0.23485968,t3
0.3074074,t3
0.27130434,t3
0.25662482,t3
0.29913044,t3
0.22477064,t3
0.2839674,t3
0.2868098,t3
0.22758621,t3
0.2868098,t3
0.29913044,t3
0.28735632,t3
0.17584097,t3
0.24528302,t3
0.3206951,t3
0.31666666,t3
0.25477707,t3
0.31894934,t3
0.22068965,t3
0.31296295,t3
0.17889908,t3
0.30086955,t3
0.25287357,t3
0.24175824,t3
0.24842767,t3
0.27833334,t3
0.30921054,t3
0.2626087,t3
0.2580645,t3
0.24159022,t3
0.28782895,t3
0.22520107,t3
0.3270142,t3
0.24328594,t3
0.18195719,t3
0.25913045,t3
0.31707317,t3
0.29913044,t3
0.28289473,t3
0.27960527,t3
0.26666668,t3
0.31666666,t3
0.25662482,t3
0.29652998,t3
0.14834437,t3
0.2894309,t3
0.25662482,t3
0.3305921,t3
0.27960527,t3
0.2672956,t3
0.25822368,t3
0.26334518,t3
0.26151314,t3
0.23928571,t3
0.25747126,t3
0.30513176,t3
0.18906064,t3
0.31332082,t3
0.33020636,t3
0.2598684,t3
0.32082552,t3
0.22255193,t3
0.27631578,t3
0.27023318,t3
0.22906794,t3
0.3217993,t3
0.2551724,t3
0.25977013,t3
0.23045267,t3
0.25523013,t3
0.2537723,t3
0.28846154,t3
0.22748815,t3
0.20336391,t3
0.26512456,t3
0.29043478,t3
0.19877675,t3
0.35225618,t3
0.30513176,t3
0.24404761,t3
0.291954,t3
0.2853261,t3
0.31332082,t3
0.25118482,t3
0.26522326,t3
0.2911184,t3
0.3305921,t3
0.24511082,t3
0.2859425,t3
0.31613976,t3
0.20795107,t3
0.20795107,t3
0.23696682,t3
0.31907895,t3
0.27833334,t3
0.3037448,t3
0.27846366,t3
0.2510288,t3
0.21681416,t3
0.14569536,t3
0.22520107,t3
0.280543,t3
0.3136915,t4
0.28778136,t4
0.35209003,t4
0.34662578,t4
0.34276205,t4
0.35939643,t4
0.33333334,t4
0.28899083,t4
0.33333334,t4
0.31132075,t4
0.38996765,t4
0.37565216,t4
0.37714285,t4
0.35225376,t4
0.24395162,t4
0.35703,t4
0.31304348,t4
0.39378238,t4
0.33043477,t4
0.33333334,t4
0.4279141,t4
0.26760563,t4
0.26506025,t4
0.3527508,t4
0.3383915,t4
0.26541555,t4
0.29761904,t4
0.41104296,t4
0.29458597,t4
0.36909324,t4
0.30523628,t4
0.35231316,t4
0.29209623,t4
0.24770643,t4
0.2522936,t4
0.3170347,t4
0.42181817,t4
0.3757764,t4
0.27687776,t4
0.28835228,t4
0.22551928,t4
0.403576,t4
0.39430895,t4
0.24456522,t4
0.2415459,t4
0.28281462,t4
0.3873874,t4
0.24642856,t4
0.32777777,t4
0.3109756,t4
0.38285714,t4
0.25603217,t4
0.3491311,t4
0.2899106,t4
0.38647342,t4
0.33731344,t4
0.3665087,t4
0.30926216,t4
0.24148148,t4
0.29885057,t4
0.35365853,t4
0.3196159,t4
0.3597561,t4
0.3202417,t4
0.4493865,t4
0.34552845,t4
0.26237053,t4
0.37380192,t4
0.27163783,t4
0.36,t4
0.31757754,t4
0.30714285,t4
0.29968455,t4
0.33174604,t4
0.33542714,t4
0.40150094,t4
0.3495475,t4
0.4095092,t4
0.29126215,t4
0.2774799,t4
0.2675841,t4
0.33037037,t4
0.30560273,t4
0.38651314,t4
0.34814814,t4
0.25745684,t4
0.33225808,t4
0.3032929,t4
0.32636657,t4
0.2600536,t4
0.335,t4
0.331761,t4
0.37037036,t4
0.19860627,t4
0.31409168,t4
0.31240875,t4
0.34954956,t4
0.27851853,t4
0.33947772,t4
0.3130545,t4
0.31723028,t4
0.29816514,t4
0.34123224,t4
0.32386363,t4
0.34460548,t4
0.31223628,t4
0.25478646,t4
0.23592493,t4
0.31566265,t4
0.44104803,t4
0.23413259,t4
0.40192044,t4
0.33454546,t4
0.30634922,t4
0.3298969,t4
0.31588784,t4
0.2948113,t4
0.29905277,t4
0.33152175,t4
0.2673716,t4
0.3024055,t4
0.20858896,t4
0.24664879,t4
0.2580645,t4
0.25222552,t4
0.33513513,t4
0.2810047,t4
0.4250364,t4
0.35609755,t4
0.35545024,t4
0.39399624,t4
0.2919937,t4
0.31428573,t4
0.33777037,t4
0.30691057,t4
0.02489019,t4
0.3840878,t4
0.30846775,t4
0.30126184,t4
0.36216217,t4
0.28225806,t4
0.3678161,t4
0.29411766,t4
0.24646781,t4
0.37761194,t4
0.28263626,t4
0.30805686,t4
0.329582,t4
0.3148148,t4
0.35326087,t4
0.32289156,t4
0.34727272,t4
0.3392283,t4
0.4017857,t4
0.4410569,t4
0.3611111,t4
0.2324159,t4
0.36120996,t4
0.31029618,t4
0.32104453,t4
0.3128991,t4
0.27903226,t4
0.30217028,t4
0.4170616,t4
0.44,t4
0.34,t4
0.28928572,t4
0.34745762,t4
0.31942633,t4
0.3697749,t4
0.32053423,t4
0.29204893,t4
0.3298969,t4
0.042459738,t4
0.3609831,t4
0.35487804,t4
0.35586736,t4
0.33333334,t4
0.2853261,t4
0.2293578,t4
0.3154574,t4
0.32707775,t4
0.35903615,t4
0.34662044,t4
0.38643533,t4
0.2689747,t4
0.29891303,t4
0.39643347,t4
0.38198197,t4
0.05124451,t4
0.32565284,t4
0.41921398,t4
0.28942809,t4
0.47142857,t4
0.30985916,t4
0.25728154,t4
0.28865978,t4
0.37483084,t4
0.3117117,t4
0.40873015,t4
0.31553397,t5
0.28061223,t5
0.35107732,t5
0.40460527,t5
0.2604712,t5
0.30122325,t5
0.43933588,t5
0.3728278,t5
0.45731708,t5
0.34375,t5
0.3618421,t5
0.30733946,t5
0.54285717,t5
0.33612272,t5
0.41118422,t5
0.4457216,t5
0.28134558,t5
0.33333334,t5
0.39945653,t5
0.40347826,t5
0.3398374,t5
0.5371429,t5
0.26452598,t5
0.054172765,t5
0.3821138,t5
0.29204893,t5
0.34564254,t5
0.43759874,t5
0.4879227,t5
0.31887755,t5
0.4326123,t5
0.44918698,t5
0.25246826,t5
0.26093516,t5
0.33545917,t5
0.42238805,t5
0.29719388,t5
0.41776314,t5
0.44809687,t5
0.46932516,t5
0.2835596,t5
0.30833334,t5
0.29057592,t5
0.26694044,t5
0.2607143,t5
0.24880952,t5
0.2617801,t5
0.2737003,t5
0.33637547,t5
0.25,t5
0.3494898,t5
0.360601,t5
0.38,t5
0.3807267,t5
0.29562595,t5
0.29562595,t5
0.29591838,t5
0.32730016,t5
0.39945653,t5
0.45230263,t5
0.3317757,t5
0.3908046,t5
0.29761904,t5
0.32200646,t5
0.3536184,t5
0.49436393,t5
0.34703946,t5
0.3233909,t5
0.20289855,t5
0.3955095,t5
0.47765008,t5
0.2797619,t5
0.26798308,t5
0.26785713,t5
0.2473822,t5
0.28023598,t5
0.34074074,t5
0.4512195,t5
0.35520363,t5
0.49079755,t5
0.41492537,t5
0.40095848,t5
0.29404762,t5
0.25791857,t5
0.29713425,t5
0.31666666,t5
0.39178514,t5
0.40173912,t5
0.29498526,t5
0.45083013,t5
0.4276316,t5
0.27217126,t5
0.29319373,t5
0.50885665,t5
0.39310345,t5
0.37366548,t5
0.33467743,t5
0.27785614,t5
0.41203704,t5
0.38294992,t5
0.37073863,t5
0.31428573,t5
0.30484694,t5
0.25221238,t5
0.054172765,t5
0.45454547,t5
0.43079585,t5
0.42537314,t5
0.2591623,t5
0.3380102,t5
0.3347398,t5
0.3737226,t5
0.44572368,t5
0.4207317,t5
0.38159674,t5
0.35459185,t5
0.30733946,t5
0.30618402,t5
0.4708589,t5
0.49539876,t5
0.25833333,t5
0.39444444,t5
0.31391585,t5
0.39673913,t5
0.48470208,t5
0.42401502,t5
0.24188791,t5
0.35204083,t5
0.4457216,t5
0.33333334,t5
0.2741546,t5
0.42238805,t5
0.38159674,t5
0.25528914,t5
0.4687101,t5
0.33962265,t5
0.375,t5
0.3548796,t5
0.28318584,t5
0.2693935,t5
0.33182505,t5
0.25942686,t5
0.3963816,t5
0.43598616,t5
0.29027963,t5
0.33545917,t5
0.5056361,t5
0.26811594,t5
0.32967034,t5
0.29027963,t5
0.28490832,t5
0.5371429,t5
0.30476192,t5
0.49597424,t5
0.36727878,t5
0.2820513,t5
0.1697861,t5
0.25564805,t5
0.3300813,t5
0.33925927,t5
0.3759036,t5
0.2675841,t5
0.50402576,t5
0.48773006,t5
0.36199096,t5
0.29969418,t5
0.3494898,t5
0.4276316,t5
0.34604105,t5
0.30406505,t5
0.31229773,t5
0.3317757,t5
0.44699872,t5
0.26546004,t5
0.4858757,t5
0.4409938,t5
0.44827586,t5
0.47699386,t5
0.35234475,t5
0.26785713,t5
0.34086958,t5
0.342812,t5
0.449553,t5
0.35972852,t5
0.32200646,t5
0.2752613,t5
0.3744076,t5
0.41829267,t5
0.27149323,t5
0.43012422,t5
0.31806284,t5
0.43933588,t5
0.33594978,t5
0.34311223,t5
0.43914473,t5
0.33881578,t5
0.3239796,t5
0.29719388,t5
0.3482143,t5
0.25339368,t5
0.29246676,t6
0.40083218,t6
0.4142661,t6
0.4978166,t6
0.1764706,t6
0.39310345,t6
0.3984127,t6
0.32873562,t6
0.39246467,t6
0.34556574,t6
0.4,t6
0.3149847,t6
0.45962733,t6
0.41296297,t6
0.4201278,t6
0.41262135,t6
0.4677914,t6
0.5080058,t6
0.38134432,t6
0.4456522,t6
0.41428572,t6
0.3586207,t6
0.34449095,t6
0.46998724,t6
0.41391304,t6
0.3726415,t6
0.42902207,t6
0.37913042,t6
0.36305732,t6
0.28134558,t6
0.43333334,t6
0.5054348,t6
0.42332268,t6
0.45394737,t6
0.44770408,t6
0.4537037,t6
0.37461773,t6
0.3789607,t6
0.4293478,t6
0.37241378,t6
0.4631902,t6
0.31019202,t6
0.3165761,t6
0.2791728,t6
0.35626912,t6
0.45833334,t6
0.19337748,t6
0.35826087,t6
0.37011495,t6
0.35478806,t6
0.45555556,t6
0.38149557,t6
0.3100616,t6
0.33136967,t6
0.4918478,t6
0.39089483,t6
0.4058722,t6
0.31138545,t6
0.42782608,t6
0.45210728,t6
0.32373112,t6
0.4162963,t6
0.4661558,t6
0.45552146,t6
0.31008902,t6
0.31039757,t6
0.3689168,t6
0.3264402,t6
0.35632184,t6
0.32873562,t6
0.49344978,t6
0.32380953,t6
0.38790035,t6
0.4628821,t6
0.40148148,t6
0.47239265,t6
0.4,t6
0.49344978,t6
0.4293553,t6
0.3704348,t6
0.34019205,t6
0.34177214,t6
0.4559387,t6
0.45244566,t6
0.41909385,t6
0.3149847,t6
0.45394737,t6
0.5885714,t6
0.2767584,t6
0.48918468,t6
0.34672618,t6
0.46625766,t6
0.46755406,t6
0.42962962,t6
0.46052632,t6
0.42492014,t6
0.45338443,t6
0.4,t6
0.29619566,t6
0.4,t6
0.42071196,t6
0.36451614,t6
0.34879032,t6
0.35626912,t6
0.27828747,t6
0.17350994,t6
0.31827515,t6
0.31345567,t6
0.44865718,t6
0.18145695,t6
0.60571426,t6
0.34879032,t6
0.36869565,t6
0.3864818,t6
0.4605978,t6
0.40932643,t6
0.17483443,t6
0.3547826,t6
0.28134558,t6
0.32329842,t6
0.4936508,t6
0.3846154,t6
0.39770114,t6
0.36385542,t6
0.35211268,t6
0.3453997,t6
0.2874618,t6
0.37011495,t6
0.41435185,t6
0.4028436,t6
0.35703,t6
0.5971429,t6
0.47554347,t6
0.45398772,t6
0.45636365,t6
0.41747573,t6
0.3984127,t6
0.4555921,t6
0.44707742,t6
0.3500785,t6
0.2732644,t6
0.45023698,t6
0.38529783,t6
0.35155097,t6
0.36,t6
0.29355282,t6
0.46381578,t6
0.4489796,t6
0.37173578,t6
0.34862384,t6
0.50460124,t6
0.17615893,t6
0.32380953,t6
0.4293478,t6
0.4456522,t6
0.37814072,t6
0.48217636,t6
0.49053857,t6
0.3501529,t6
0.33944955,t6
0.33486238,t6
0.31391585,t6
0.47161573,t6
0.3402299,t6
0.3165761,t6
0.44074073,t6
0.3642072,t6
0.31211498,t6
0.3610675,t6
0.37104073,t6
0.3422619,t6
0.38137755,t6
0.35632184,t6
0.32235938,t6
0.35006973,t6
0.3858521,t6
0.386121,t6
0.21059602,t6
0.36238533,t6
0.34597155,t6
0.30122325,t6
0.3837037,t6
0.45436507,t6
0.3057607,t6
0.38390803,t6
0.48786718,t6
0.31651375,t6
0.47360247,t6
0.4144144,t6
0.43059936,t6
0.36792454,t6
0.3119266,t6
0.31345567,t6
0.35474005,t6
0.17218544,t6
0.45280612,t6
0.44254658,t6
0.48095238,t6
0.5007278,t6
0.3952381,t6
0.3856305,t7
0.33490565,t7
0.5190476,t7
0.5020325,t7
0.44268292,t7
0.47142857,t7
0.6342857,t7
0.5440932,t7
0.34564254,t7
0.45839417,t7
0.3125,t7
0.45403376,t7
0.42540622,t7
0.44756278,t7
0.39369,t7
0.48026314,t7
0.32738096,t7
0.39490446,t7
0.41167882,t7
0.38072288,t7
0.41318327,t7
0.4942857,t7
0.48412699,t7
0.3554302,t7
0.37048665,t7
0.5092593,t7
0.63714284,t7
0.3822285,t7
0.44379562,t7
0.43279174,t7
0.3934142,t7
0.5249042,t7
0.54278415,t7
0.42314336,t7
0.37370753,t7
0.5019157,t7
0.38069704,t7
0.38709676,t7
0.41959798,t7
0.4032258,t7
0.3537736,t7
0.33628318,t7
0.46608695,t7
0.46219513,t7
0.4328594,t7
0.47736627,t7
0.33628318,t7
0.41105354,t7
0.3537736,t7
0.39908257,t7
0.30706522,t7
0.3720565,t7
0.5169492,t7
0.39186993,t7
0.47003156,t7
0.5149425,t7
0.38147566,t7
0.42668623,t7
0.4652997,t7
0.3206522,t7
0.52038044,t7
0.3985765,t7
0.49506578,t7
0.4883402,t7
0.41959798,t7
0.36510265,t7
0.48115578,t7
0.4786432,t7
0.37784523,t7
0.35285914,t7
0.50415975,t7
0.3959276,t7
0.366322,t7
0.5607321,t7
0.5324459,t7
0.45565218,t7
0.54908484,t7
0.34859675,t7
0.28864735,t7
0.5378049,t7
0.5277778,t7
0.36612904,t7
0.54022986,t7
0.38700148,t7
0.40925267,t7
0.40472674,t7
0.39643347,t7
0.42961878,t7
0.46608695,t7
0.4324759,t7
0.39143732,t7
0.5103448,t7
0.35777125,t7
0.4047955,t7
0.41408935,t7
0.44346735,t7
0.50342935,t7
0.50083196,t7
0.35849056,t7
0.42180094,t7
0.34761906,t7
0.51585364,t7
0.40127388,t7
0.5890183,t7
0.38404727,t7
0.38694268,t7
0.39770114,t7
0.32857144,t7
0.4229885,t7
0.33495146,t7
0.40353698,t7
0.49417636,t7
0.41043478,t7
0.4626087,t7
0.42336684,t7
0.4602076,t7
0.3429229,t7
0.40366971,t7
0.5108153,t7
0.37459806,t7
0.4526814,t7
0.5512195,t7
0.37362638,t7
0.48355263,t7
0.49657065,t7
0.41788855,t7
0.3951613,t7
0.3305955,t7
0.43219265,t7
0.38545954,t7
0.39871383,t7
0.3720565,t7
0.4874446,t7
0.4702381,t7
0.44367817,t7
0.21986754,t7
0.45057473,t7
0.52334946,t7
0.46608695,t7
0.40519878,t7
0.45517242,t7
0.5126437,t7
0.5419255,t7
0.48373982,t7
0.5557404,t7
0.37020648,t7
0.41021898,t7
0.37942123,t7
0.45970148,t7
0.41825095,t7
0.49796748,t7
0.4452174,t7
0.3552279,t7
0.36070383,t7
0.4194978,t7
0.48412699,t7
0.39930955,t7
0.55609757,t7
0.46919432,t7
0.52869564,t7
0.43574592,t7
0.34696755,t7
0.5241379,t7
0.422452,t7
0.5218391,t7
0.5097561,t7
0.4786184,t7
0.4874446,t7
0.2627824,t7
0.46539792,t7
0.37935656,t7
0.39253393,t7
0.38944724,t7
0.49808428,t7
0.32608697,t7
0.35238096,t7
0.46623793,t7
0.53128994,t7
0.40502355,t7
0.4564254,t7
0.41495326,t7
0.5095238,t7
0.4540146,t7
0.49342105,t7
0.44313148,t7
0.4588816,t7
0.4819079,t7
0.4573913,t7
0.3916811,t7
0.3864598,t7
0.3987441,t7
0.38520408,t7
0.4047955,t7
0.3951613,t7
0.3789809,t7
0.49506578,t7
0.5376756,t7
0.42540622,t7
0.38956523,t7
0.4648148,t7
0.47804877,t8
0.3956044,t8
0.55766195,t8
0.4050633,t8
0.5398773,t8
0.48296297,t8
0.51782364,t8
0.5457413,t8
0.5119048,t8
0.5492537,t8
0.52300614,t8
0.50986344,t8
0.36245954,t8
0.40408805,t8
0.49778435,t8
0.4032258,t8
0.38685015,t8
0.44067797,t8
0.56577265,t8
0.42677826,t8
0.4143731,t8
0.5,t8
0.42535788,t8
0.39243808,t8
0.5766871,t8
0.49913645,t8
0.38350785,t8
0.57520324,t8
0.4655612,t8
0.51703703,t8
0.5032258,t8
0.5274585,t8
0.55263156,t8
0.46666667,t8
0.5175292,t8
0.4651852,t8
0.4558059,t8
0.021961933,t8
0.5,t8
0.51085144,t8
0.3632708,t8
0.37166324,t8
0.42439863,t8
0.4637037,t8
0.46370968,t8
0.4221698,t8
0.41763726,t8
0.43160376,t8
0.4142661,t8
0.4223706,t8
0.46364883,t8
0.37800688,t8
0.42096505,t8
0.6507463,t8
0.5046296,t8
0.53539824,t8
0.43601894,t8
0.4177215,t8
0.44012946,t8
0.30487806,t8
0.46076795,t8
0.35626912,t8
0.38633195,t8
0.53453946,t8
0.43892047,t8
0.45170453,t8
0.47004607,t8
0.5828221,t8
0.4357798,t8
0.4690909,t8
0.4321534,t8
0.34375,t8
0.43728423,t8
0.49593496,t8
0.49425286,t8
0.6242938,t8
0.44660193,t8
0.4913495,t8
0.49154928,t8
0.3210634,t8
0.47252747,t8
0.3755523,t8
0.5609349,t8
0.37857142,t8
0.49288255,t8
0.40034366,t8
0.54444444,t8
0.57117116,t8
0.4514563,t8
0.5840708,t8
0.47859326,t8
0.41590613,t8
0.42302358,t8
0.4789644,t8
0.5016129,t8
0.41422594,t8
0.46374622,t8
0.41654357,t8
0.47192717,t8
0.56414473,t8
0.41823056,t8
0.39388794,t8
0.47766322,t8
0.2877527,t8
0.40099832,t8
0.3075899,t8
0.40837696,t8
0.6156522,t8
0.014641289,t8
0.4924875,t8
0.32850242,t8
0.4006116,t8
0.4064801,t8
0.40497738,t8
0.4709576,t8
0.3119266,t8
0.45171338,t8
0.5150079,t8
0.44211996,t8
0.52063495,t8
0.5694444,t8
0.42404008,t8
0.36448598,t8
0.4289733,t8
0.3441467,t8
0.37801608,t8
0.36649215,t8
0.5274914,t8
0.5318518,t8
0.40291262,t8
0.6273006,t8
0.39003438,t8
0.41590613,t8
0.43890676,t8
0.4852174,t8
0.5351213,t8
0.48442906,t8
0.44592345,t8
0.4301413,t8
0.5585586,t8
0.5495327,t8
0.41531664,t8
0.4531722,t8
0.51993865,t8
0.5138889,t8
0.6165644,t8
0.45645162,t8
0.60791826,t8
0.5023548,t8
0.5060241,t8
0.4939551,t8
0.39945653,t8
0.48505747,t8
0.5677966,t8
0.40515932,t8
0.36956522,t8
0.62664163,t8
0.35738832,t8
0.4244713,t8
0.5487805,t8
0.45026177,t8
0.5318518,t8
0.47938144,t8
0.46074075,t8
0.5243243,t8
0.511041,t8
0.3654762,t8
0.4562212,t8
0.6303681,t8
0.38396624,t8
0.4174312,t8
0.44117647,t8
0.41884816,t8
0.36649215,t8
0.55,t8
0.5135135,t8
0.43759874,t8
0.47738096,t8
0.5923913,t8
0.405,t8
0.46623793,t8
0.33174792,t8
0.3768116,t8
0.4,t8
0.42986426,t8
0.5442404,t8
0.471831,t8
0.34601665,t8
0.49923196,t8
0.30677766,t8
0.4036568,t8
0.24197862,t8
0.4315305,t8
0.3440367,t8
0.521576,t8
0.41957104,t8
0.42581603,t8
0.36277175,t8
0.40502355,t8
0.50086653,t8
0.67454547,tM
0.5580645,tM
0.646789,tM
0.7351852,tM
0.7285714,tM
0.71875,tM
0.6779891,tM
0.6042781,tM
0.6535326,tM
0.45873016,tM
0.62299854,tM
0.57613814,tM
0.6892857,tM
0.7035647,tM
0.6533333,tM
0.49706745,tM
0.53975534,tM
0.74108815,tM
0.6277696,tM
0.49447078,tM
0.7615132,tM
0.55539775,tM
0.7223926,tM
0.5276074,tM
0.63736266,tM
0.50970876,tM
0.41590214,tM
0.69390243,tM
0.7804878,tM
0.40397352,tM
0.54483694,tM
0.615727,tM
0.6032028,tM
0.56417114,tM
0.68049157,tM
0.68327403,tM
0.52554744,tM
0.68740743,tM
0.6472727,tM
0.5120275,tM
0.6577267,tM
0.5344388,tM
0.76809454,tM
0.41874084,tM
0.71747965,tM
0.6537267,tM
0.6956522,tM
0.7879949,tM
0.52061856,tM
0.6086262,tM
0.74840355,tM
0.2532943,tM
0.6092965,tM
0.4583921,tM
0.723565,tM
0.57165605,tM
0.6146273,tM
0.5394022,tM
0.5818452,tM
0.5408451,tM
0.5950156,tM
0.6537217,tM
0.55243725,tM
0.5620094,tM
0.7402863,tM
0.6566667,tM
0.44790256,tM
0.5978593,tM
0.6309904,tM
0.4617737,tM
0.633218,tM
0.62784094,tM
0.51763046,tM
0.56626505,tM
0.59375,tM
0.72082716,tM
0.5070755,tM
0.6330275,tM
0.45790553,tM
0.5515464,tM
0.4803665,tM
0.42380953,tM
0.52427185,tM
0.58419245,tM
0.6779141,tM
0.48097825,tM
0.45778835,tM
0.7335835,tM
0.73913044,tM
0.6851595,tM
0.7358209,tM
0.66711956,tM
0.45619336,tM
0.57218546,tM
0.70310193,tM
0.50342935,tM
0.6639232,tM
0.61198735,tM
0.64199394,tM
0.54403406,tM
0.49226442,tM
0.5972222,tM
0.47050938,tM
0.8089431,tM
0.67976713,tM
0.629055,tM
0.48241913,tM
0.60382915,tM
0.4335749,tM
0.5745683,tM
0.58064514,tM
0.6087963,tM
0.6614907,tM
0.45516303,tM
0.6050553,tM
0.6360601,tM
0.52262443,tM
0.44248986,tM
0.6333333,tM
0.6144244,tM
0.5369318,tM
0.59811616,tM
0.8148148,tM
0.6872727,tM
0.74234235,tM
0.6507042,tM
0.4954751,tM
0.5061162,tM
0.6026786,tM
0.56122446,tM
0.5615251,tM
0.65292096,tM
0.44658753,tM
0.5816092,tM
0.5568182,tM
0.63214284,tM
0.39072847,tM
0.6861413,tM
0.57831323,tM
0.60365856,tM
0.6037037,tM
0.615727,tM
0.31920528,tM
0.648773,tM
0.4464832,tM
0.49541286,tM
0.5702875,tM
0.6088766,tM
0.7070552,tM
0.5856905,tM
0.58710563,tM
0.5917431,tM
0.44790256,tM
0.6215022,tM
0.8033206,tM
0.78466076,tM
0.5686901,tM
0.64746225,tM
0.6495468,tM
0.479638,tM
0.5908373,tM
0.5248869,tM
0.5288035,tM
0.4204893,tM
0.57560974,tM
0.66507936,tM
0.64538044,tM
0.6467391,tM
0.6687598,tM
0.5307443,tM
0.59938836,tM
0.6504065,tM
0.44873503,tM
0.6006289,tM
0.6781609,tM
0.52052784,tM
0.56760204,tM
0.66206896,tM
0.5123859,tM
0.4646739,tM
0.37283623,tM
0.6956522,tM
0.5980114,tM
0.5153374,tM
0.44470868,tM
0.6151798,tM
0.66791743,tM
0.6976401,tM
0.62676054,tM
0.65337956,tM
0.65217394,tM
0.51325303,tM
0.7888889,tM
0.73153156,tM
0.72357726,tM
0.65913045,tM
0.64363635,tM
0.6948148,tM
0.37630662,tM
0.4973822,tM
0.83423424,tB
0.6539589,tB
0.8304498,tB
0.75993884,tB
0.76564777,tB
0.7625786,tB
0.73155415,tB
0.7016248,tB
0.6935484,tB
0.66863036,tB
0.73333335,tB
0.6404794,tB
0.6447639,tB
0.78727275,tB
0.7380952,tB
0.8747826,tB
0.67085075,tB
0.8504348,tB
0.74523807,tB
0.5856269,tB
0.6570352,tB
0.857362,tB
0.73311895,tB
0.77565217,tB
0.7894003,tB
0.74189,tB
0.73214287,tB
0.62903225,tB
0.6873016,tB
0.69158876,tB
0.6513761,tB
0.6982622,tB
0.67197454,tB
0.7625786,tB
0.761658,tB
0.71865445,tB
0.63353115,tB
0.71608835,tB
0.8785311,tB
0.39385065,tB
0.6752412,tB
0.65625,tB
0.6298269,tB
0.69579285,tB
0.74741507,tB
0.7383177,tB
0.83902436,tB
0.85365856,tB
0.8030942,tB
0.65217394,tB
0.91315454,tB
0.7837423,tB
0.8318043,tB
0.662037,tB
0.6888519,tB
0.72443676,tB
0.8190184,tB
0.8355263,tB
0.94501716,tB
0.90166026,tB
0.8130081,tB
0.71428573,tB
0.7056338,tB
0.76552796,tB
0.36163983,tB
0.5087108,tB
0.54458976,tB
0.7169014,tB
0.6890511,tB
0.69666666,tB
0.6747573,tB
0.8374233,tB
0.70022625,tB
0.7475317,tB
0.62691134,tB
0.7669082,tB
0.6477987,tB
0.59554976,tB
0.66847825,tB
0.7595109,tB
0.83652616,tB
0.8810811,tB
0.82206404,tB
0.7258065,tB
0.6878505,tB
0.5693717,tB
0.78561354,tB
0.8900344,tB
0.6989796,tB
0.90619135,tB
0.82653064,tB
0.7270408,tB
0.64973265,tB
0.89837396,tB
0.8161512,tB
0.8911043,tB
0.8035714,tB
0.57372653,tB
0.78902954,tB
0.58981234,tB
0.74308944,tB
0.61926603,tB
0.8829268,tB
0.7094801,tB
0.78125,tB
0.6701031,tB
0.79518074,tB
0.7036199,tB
0.59385115,tB
0.70239776,tB
0.6729858,tB
0.68980795,tB
0.62716377,tB
0.6933535,tB
0.820059,tB
0.5924933,tB
0.8094535,tB
0.63538873,tB
0.7746032,tB
0.71954024,tB
0.6524741,tB
0.7385204,tB
0.6135204,tB
0.75407606,tB
0.78522336,tB
0.72056514,tB
0.6661932,tB
0.8256228,tB
0.7126437,tB
0.6813187,tB
0.76,tB
0.8716502,tB
0.87652177,tB
0.7378336,tB
0.68608415,tB
0.93986255,tB
0.793621,tB
0.77096117,tB
0.76785713,tB
0.7598736,tB
0.74634147,tB
0.92479676,tB
0.7832311,tB
0.5174216,tB
0.86503065,tB
0.6998492,tB
0.75476193,tB
0.65178573,tB
0.67153287,tB
0.641129,tB
0.6519886,tB
0.6487936,tB
0.6679341,tB
0.69579285,tB
0.7394636,tB
0.7327103,tB
0.79268295,tB
0.728169,tB
0.6721068,tB
0.7,tB
0.7749196,tB
0.76039934,tB
0.35139093,tB
0.81153303,tB
0.8252551,tB
0.75,tB
0.5728953,tB
0.6399456,tB
0.8509091,tB
0.7600644,tB
0.77380955,tB
0.42020497,tB
0.75207984,tB
0.79620034,tB
0.76547617,tB
0.7342767,tB
0.6728477,tB
0.8024055,tB
0.75992066,tB
0.6666667,tB
0.04761905,tB
0.6122449,tB
0.61212975,tB
0.5831099,tB
0.654321,tB
0.84202456,tB
0.6084906,tB
0.65749234,tB
0.709799,tB
0.057142857,tB
0.6342229,tB
0.61538464,tB
0.83114445,tB
0.68441063,tB
0.6712963,tB
0.7878289,tB
0.6799363,tB
0.7203792,tB
0.90549827,tB
0.7832311,tB
0.875,tEB
0.8394698,tEB
0.9514286,tEB
0.96312684,tEB
0.46266472,tEB
0.77217126,tEB
0.7963801,tEB
0.8330804,tEB
0.8744461,tEB
0.9478261,tEB
0.9918699,tEB
0.9721739,tEB
0.9266055,tEB
0.70187163,tEB
0.76609105,tEB
0.87580645,tEB
0.8444109,tEB
0.7174211,tEB
0.9003021,tEB
0.81570995,tEB
0.825,tEB
0.8339719,tEB
0.84703946,tEB
0.80428135,tEB
0.895189,tEB
0.8007246,tEB
0.98333335,tEB
0.98942596,tEB
0.69436204,tEB
0.9716418,tEB
0.7829582,tEB
0.91588783,tEB
0.74203336,tEB
0.7898894,tEB
0.7820025,tEB
0.7996942,tEB
0.9327103,tEB
0.86062247,tEB
0.92105263,tEB
0.9483333,tEB
0.8056872,tEB
0.91882557,tEB
0.9857724,tEB
0.6530324,tEB
0.89638156,tEB
0.81946623,tEB
0.7244318,tEB
0.80658436,tEB
0.735474,tEB
0.6812428,tEB
0.9859515,tEB
0.776699,tEB
0.742268,tEB
0.966129,tEB
0.66935486,tEB
0.8379971,tEB
0.6440678,tEB
0.82802546,tEB
0.8080645,tEB
0.8603667,tEB
0.74120605,tEB
0.825,tEB
0.70788044,tEB
0.7285068,tEB
0.80126184,tEB
0.91129035,tEB
0.6332863,tEB
0.9929478,tEB
0.85733694,tEB
0.815534,tEB
0.8321839,tEB
0.579795,tEB
0.81865287,tEB
0.7640604,tEB
0.822619,tEB
0.78028166,tEB
0.74464834,tEB
0.9769737,tEB
0.82422453,tEB
0.91820043,tEB
0.93333334,tEB
0.956848,tEB
0.81674206,tEB
0.8831615,tEB
0.7237049,tEB
0.8890815,tEB
0.7940476,tEB
0.9467354,tEB
0.93622446,tEB
0.6,tEB
0.8179059,tEB
0.8135048,tEB
0.8039735,tEB
0.7452229,tEB
0.6697861,tEB
0.81391585,tEB
0.89074075,tEB
0.646849,tEB
0.6099881,tEB
0.77070063,tEB
0.9143279,tEB
0.9947826,tEB
0.7959502,tEB
0.92201835,tEB
0.71791255,tEB
0.9374202,tEB
0.76704544,tEB
0.8930921,tEB
0.88478583,tEB
0.8132428,tEB
0.5624257,tEB
0.9440789,tEB
0.9939577,tEB
0.7410817,tEB
0.84565914,tEB
0.74311924,tEB
0.77272725,tEB
0.8548387,tEB
0.9571865,tEB
0.9862543,tEB
0.9170732,tEB
0.80094784,tEB
0.86096936,tEB
0.81632656,tEB
0.92258066,tEB
0.6571056,tEB
0.67158175,tEB
0.875,tEB
0.74407583,tEB
0.76222825,tEB
0.7709321,tEB
0.94086957,tEB
0.79620856,tEB
0.9516408,tEB
0.7316716,tEB
0.6995582,tEB
0.7378336,tEB
0.8012232,tEB
0.7406417,tEB
0.7318757,tEB
0.84210527,tEB
0.94483984,tEB
0.7358491,tEB
0.81324506,tEB
0.74254316,tEB
0.8911043,tEB
0.9048414,tEB
0.8098859,tEB
0.83152175,tEB
0.7330317,tEB
0.8402062,tEB
0.84903383,tEB
0.8141994,tEB
0.9484536,tEB
0.9263804,tEB
0.7713068,tEB
0.7692308,tEB
0.8948247,tEB
0.67559946,tEB
0.6671368,tEB
0.76688105,tEB
0.7542614,tEB
0.745283,tEB
0.96592593,tEB
0.96200347,tEB
0.9430894,tEB
0.9896014,tEB
0.954866,tEB
0.9593496,tEB
0.57247436,tEB
0.7926045,tEB
0.8793456,tEB
0.9757653,tEB
0.25714287,tEB
0.83246976,tEB
0.8492976,tEB
0.7494253,tEB
0.78720236,tEB
0.6629055,tEB
0.80126184,tEB
0.80027175,tEB
0.93614304,tEB
0.94166666,tEB
0.89391303,tEB
0.9185442,tEB
0.73462784,tEB
0.75242716,tEB
0.816129,tEB
0.9820896,tEB
0.916955,tEB
0.5841874,tEB
0.98571426,tEB
0.90363634,tEB
0.69460225,tEB
0.7171582,tEB
0.93421054,tEB
0.8076923,tEB
0.65445024,tEB
0.831563,tEB
0.8035714,tEB
0.08730159,tEmpty
0.8930818,tEmpty
0.9432367,tEmpty
0.736911,tEmpty
0.9595469,tEmpty
0.8642534,tEmpty
0.9113924,tEmpty
0.7866492,tEmpty
0.9136578,tEmpty
0.914791,tEmpty
0.9321267,tEmpty
0.84659094,tEmpty
0.96349204,tEmpty
0.98690474,tEmpty
0.766129,tEmpty
0.9009585,tEmpty
0.8965517,tEmpty
0.942743,tEmpty
0.99208146,tEmpty
0.90047395,tEmpty
0.9719388,tEmpty
0.8593272,tEmpty
0.92289156,tEmpty
0.8789593,tEmpty
0.96130955,tEmpty
0.9136164,tEmpty
0.9150943,tEmpty
0.8827893,tEmpty
0.9258675,tEmpty
0.88412696,tEmpty
0.8560831,tEmpty
0.9280488,tEmpty
0.9274448,tEmpty
0.8429319,tEmpty
0.99857956,tEmpty
0.8533163,tEmpty
0.97218156,tEmpty
0.9472914,tEmpty
0.9314642,tEmpty
0.92488956,tEmpty
0.83870965,tEmpty
0.91785717,tEmpty
0.8820375,tEmpty
0.94212216,tEmpty
0.96682465,tEmpty
0.88433385,tEmpty
0.7990487,tEmpty
0.72294885,tEmpty
0.9178744,tEmpty
0.8381344,tEmpty
0.9382716,tEmpty
0.9921507,tEmpty
0.9072327,tEmpty
0.9225544,tEmpty
0.7935657,tEmpty
0.9342508,tEmpty
0.98216736,tEmpty
0.92006034,tEmpty
0.8487614,tEmpty
0.82398957,tEmpty
0.88872623,tEmpty
0.9643917,tEmpty
0.7940026,tEmpty
0.90829694,tEmpty
0.9174603,tEmpty
0.8158803,tEmpty
0.9223301,tEmpty
0.796371,tEmpty
0.9165402,tEmpty
0.88920456,tEmpty
0.9847095,tEmpty
0.95357144,tEmpty
0.9522293,tEmpty
0.99636364,tEmpty
0.70811516,tEmpty
0.8868502,tEmpty
0.9791395,tEmpty
0.9453032,tEmpty
0.841195,tEmpty
0.99435824,tEmpty
0.9575403,tEmpty
0.9490741,tEmpty
0.9351081,tEmpty
0.025396826,tEmpty
0.9022222,tEmpty
0.9035326,tEmpty
0.90487516,tEmpty
0.98093843,tEmpty
0.9590044,tEmpty
0.87142855,tEmpty
0.9983361,tEmpty
0.98491085,tEmpty
0.9747235,tEmpty
0.8948905,tEmpty
0.7628111,tEmpty
0.93586385,tEmpty
0.9609756,tEmpty
0.9404601,tEmpty
0.97459894,tEmpty
0.9526066,tEmpty
0.95015574,tEmpty
0.806735,tEmpty
0.96636087,tEmpty
0.8809202,tEmpty
0.8635204,tEmpty
0.6632504,tEmpty
0.863836,tEmpty
0.9011407,tEmpty
0.9157609,tEmpty
0.9079365,tEmpty
0.8854003,tEmpty
0.86684424,tEmpty
0.9412698,tEmpty
0.88858694,tEmpty
0.9111498,tEmpty
0.8414239,tEmpty
0.7848101,tEmpty
0.93272173,tEmpty
0.93730885,tEmpty
0.9633152,tEmpty
0.87060475,tEmpty
0.8096515,tEmpty
0.907767,tEmpty
0.99708027,tEmpty
0.8755556,tEmpty
0.88190955,tEmpty
0.87357956,tEmpty
0.9034483,tEmpty
0.8547401,tEmpty
0.9807229,tEmpty
0.86904764,tEmpty
0.90091264,tEmpty
0.06349207,tEmpty
0.9843014,tEmpty
0.8310992,tEmpty
0.9177127,tEmpty
0.70811516,tEmpty
0.9404762,tEmpty
0.9633431,tEmpty
0.90123457,tEmpty
0.9470109,tEmpty
0.9258278,tEmpty
0.9827388,tEmpty
0.8996764,tEmpty
0.858885,tEmpty
0.6533101,tEmpty
0.9258278,tEmpty
0.92081445,tEmpty
0.815331,tEmpty
0.9506369,tEmpty
0.91508055,tEmpty
0.8801997,tEmpty
0.9304897,tEmpty
0.9847095,tEmpty
0.91590214,tEmpty
0.97094804,tEmpty
0.8963068,tEmpty
0.8287037,tEmpty
0.8600629,tEmpty
0.989547,tEmpty
0.8055236,tEmpty
0.9744409,tEmpty
0.75386447,tEmpty
0.9877676,tEmpty
0.89320385,tEmpty
0.94470775,tEmpty
0.86197186,tEmpty
0.914791,tEmpty
0.8099861,tEmpty
0.86444706,tEmpty
0.828169,tEmpty
0.8449074,tEmpty
0.95400596,tEmpty
0.9484193,tEmpty
0.9328704,tEmpty
0.8601864,tEmpty
0.96309525,tEmpty
0.9986755,tEmpty
0.9693396,tEmpty
0.6968641,tEmpty
0.8669355,tEmpty
0.9750297,tEmpty
0.92533934,tEmpty
0.7715959,tEmpty
0.9735203,tEmpty
0.88770866,tEmpty
0.67642754,tEmpty
0.88873994,tEmpty
0.98682284,tEmpty
0.9291444,tEmpty
0.9617737,tEmpty
0.7144949,tEmpty
0.8668885,tEmpty
0.9343891,tEmpty
0.9011407,tEmpty
0.8935108,tEmpty
0.9755435,tEmpty
0.9669811,tEmpty
0.87032086,tEmpty
0.8226858,tEmpty
